file:line	quote (≤200 chars, exact)	category	conflict or needed change	disposition (rewrite | cite | keep | test-update)
AGENTS.md:67	Only after that assessment perform the bounded fresh-context implementation review	single-review-per-goal	Name review per independent PR or one continuing stack relationship that reviews each layer.	rewrite
AGENTS.md:69	always authors governing Requirements, Specification, Program Design, diagrams, and implementation plans	keep	Keep Main authorship; specify the breakdown and one plan per PR as the artifacts Main authors.	keep
AGENTS.md:125	Coordinate main-authored planning, planned-PR implementation/proof, main assessment, independent review, corrections	plans-in-impl-orchestrator	Describe the orchestrator as admitting a ready breakdown and per-PR plans; missing plans return to Main for planning.	rewrite
AGENTS.md:131	Main-authored translation of one current ready Requirements/Specification/Program Design set into a repo-grounded proof-bearing plan	multi-pr-plan	Describe breakdown output plus per-PR plans, including the PR node/base in each plan.	rewrite
AGENTS.md:134	Independent 🔎 Review Sidekick reads the whole map and walks spec-compliance	review-unit	State that the reviewer gets one PR diff or one stack-layer diff and judges it against that PR's plan.	rewrite
plugins/shravan-dev-workflow/README.md:11	orchestrator-implementation-goal: implementation planning, execution/proof, review, and delivery	plans-in-impl-orchestrator	Replace embedded planning with admission of the ready breakdown and plans, execution, review, and delivery.	rewrite
plugins/shravan-dev-workflow/README.md:17	plan-implementation: one canonical plan + proof mapping	multi-pr-plan	Show breakdown plus one canonical plan and proof mapping per PR.	rewrite
plugins/shravan-dev-workflow/README.md:19	ordered checks in one independent 🔎 Review Sidekick session + rails reduction	single-review-per-goal	Describe separate independent-PR reviews and one continuing reviewer relationship per stack.	rewrite
plugins/shravan-dev-workflow/README.md:67	plan, implement, prove, review, deliver	plans-in-impl-orchestrator	Change the goal node to admit plans, then coordinate implementation, proof, review, integration gates, and delivery.	rewrite
plugins/shravan-dev-workflow/README.md:75	reviewed design to canonical plan	multi-pr-plan	Show plan-implementation producing a breakdown and per-PR plans from a reviewed design.	rewrite
plugins/shravan-dev-workflow/README.md:132	main-authored planning, planned-PR implementation and proof, main assessment, independent review	plans-in-impl-orchestrator	Describe Main-authored breakdown/per-PR planning as an input phase, with per-PR assessment and review.	rewrite
plugins/shravan-dev-workflow/README.md:152	translates one semantically current ready Requirements, Specification, and Program Design set into one repo-grounded canonical Markdown plan	multi-pr-plan	Describe the breakdown plus per-PR plans and retain the Main-authored proof rows and PR boundary work.	rewrite
plugins/shravan-dev-workflow/README.md:156	It preserves the exact canonical plan record, governing planning basis, delivery context, and current main's authorship.	multi-pr-plan	Carry the breakdown node with the single PR plan and its unchanged record in the handoff.	rewrite
plugins/shravan-dev-workflow/README.md:162	A different-lineage 🔎 Review Sidekick reads the whole map and walks spec-compliance	review-unit	Scope the complete map and checks to the assigned PR or stack layer; name its plan as the review rail.	rewrite
plugins/shravan-dev-workflow/README.md:164	Independent-review coverage is not a wrap-up ready gate.	keep	Keep this boundary; per-PR review happens before wrap-up, while stack wrap-up order belongs to orchestration.	keep
plugins/shravan-dev-workflow/README.md:188	one complete independent implementation/proof review	single-review-per-goal	Describe one review per independent PR and one stack reviewer relationship across its layers.	rewrite
plugins/shravan-dev-workflow/README.md:202	carry this goal through planning, implementation, proof, review, and PR readiness	plans-in-impl-orchestrator	Say the goal admits Main-produced plans or returns `ready-for-planning`; it does not author the plans.	rewrite
plugins/shravan-dev-workflow/README.md:203	create one repo-grounded proof-bearing plan from this reviewed design set	multi-pr-plan	Say the planner creates the breakdown and plans for the first ready PR frontier.	rewrite
plugins/shravan-dev-workflow/README.md:207	When delivery is requested later, route the admitted finding through plan-implementation to establish current delivery intent	keep	Keep this route; the planner writes a breakdown (one node or more, one per independent outcome) and first-frontier plans.	keep
plugins/shravan-dev-workflow/skills/orchestrator-implementation-goal/SKILL.md:8	owns design decisions with the user, every governing design and implementation-plan artifact	plans-in-impl-orchestrator	Keep design and execution ownership here, but move plan authorship to Main's planning step before this orchestrator admits the artifacts.	rewrite
plugins/shravan-dev-workflow/skills/orchestrator-implementation-goal/SKILL.md:8	An independent persistent Review Sidekick examines implementation only after the orchestrator has assessed completed development and proof.	single-review-per-goal	Make the assessment and subsequent review unit one PR, or each layer of a stack under one reviewer relationship.	rewrite
plugins/shravan-dev-workflow/skills/orchestrator-implementation-goal/SKILL.md:12	The orchestrator loads `plan-implementation` itself and authors the plan.	plans-in-impl-orchestrator	Return `ready-for-planning` to Main when the breakdown or plan set is missing; Main runs plan-implementation separately.	rewrite
plugins/shravan-dev-workflow/skills/orchestrator-implementation-goal/SKILL.md:23	`ready-for-planning` -> `plan-implementation`	plans-in-impl-orchestrator	Route the token to Main and stop this orchestration run; Main loads plan-implementation in its own planning session.	rewrite
plugins/shravan-dev-workflow/skills/orchestrator-implementation-goal/SKILL.md:28	If no current ready delivery plan exists, the orchestrator loads `plan-implementation` and authors it from settled design or the admitted finding.	plans-in-impl-orchestrator	Replace with admission of the breakdown and per-PR plan set; return the planning gap to Main.	rewrite
plugins/shravan-dev-workflow/skills/orchestrator-implementation-goal/SKILL.md:29	Independent assignments may run concurrently on separate execution roots; dependent assignments wait until the orchestrator verifies their prerequisites.	stack-or-parallel	Distinguish independent PRs on separate branches/worktrees from dependent PRs in a gh stack, executed from the lowest layer upward.	rewrite
plugins/shravan-dev-workflow/skills/orchestrator-implementation-goal/SKILL.md:30	Only a source-backed accepted assessment commissions the persistent independent 🔎 Review Sidekick through `manage-agents`	single-review-per-goal	Commission a different-lineage reviewer for every independent PR; keep one relationship for a stack and review each layer.	rewrite
plugins/shravan-dev-workflow/skills/orchestrator-implementation-goal/SKILL.md:30	Inspect the current diff and actual proof against the original need, accepted design, plan, PR scopes, and cross-PR integration.	review-unit	Assess each PR against its own plan, base, diff, proof, and scope before that PR's reviewer; run named cross-PR gates separately.	rewrite
plugins/shravan-dev-workflow/skills/orchestrator-implementation-goal/SKILL.md:33	The 🔎 Review Sidekick runs `implementation-review` for general-domain work	review-unit	Pass one PR plan and diff per independent-PR review; for a stack, pass each layer's diff against its parent and layer plan to the same reviewer.	rewrite
plugins/shravan-dev-workflow/skills/orchestrator-implementation-goal/SKILL.md:34	The same 🔎 Review Sidekick checks corrected code and fresh affected proof.	review-unit	Keep the same lead for corrections within that PR or stack relationship; do not reuse it across independent PRs.	rewrite
plugins/shravan-dev-workflow/skills/orchestrator-implementation-goal/SKILL.md:35	Repeat correction, proof, and review while accepted findings remain.	review-unit	Scope convergence and `not-converging` decisions to the current PR or stack review relationship.	rewrite
plugins/shravan-dev-workflow/skills/orchestrator-implementation-goal/SKILL.md:36	When review is ready, assign `implementation-pr-wrapup` to an 🔧 Operator or the assigned implementation Sidekick	stack-or-parallel	Run wrap-up per PR and for a stack from its lowest layer upward; after PRs are PR-ready, Main runs the breakdown's integration gates.	rewrite
plugins/shravan-dev-workflow/skills/orchestrator-implementation-goal/SKILL.md:40	If prior review evidence is unavailable, inspect the current source and proof boundary, record what is missing, and route an ordinary review	review-unit	Scope the missing-history baseline to that PR or stack-layer review, not the whole goal.	rewrite
plugins/shravan-dev-workflow/skills/orchestrator-implementation-goal/SKILL.md:44	owns governing design and plan authorship, planning strategy, dependencies, PR grouping	plans-in-impl-orchestrator	Move plan authorship and breakdown decisions to Main's planning step; this orchestrator admits and executes the resulting plan set.	rewrite
plugins/shravan-dev-workflow/skills/orchestrator-implementation-goal/SKILL.md:44	The Review Sidekick owns independent review findings and coverage.	review-unit	Name findings and coverage by PR or stack layer; the stack relationship covers each layer against its plan.	rewrite
plugins/shravan-dev-workflow/skills/orchestrator-implementation-goal/SKILL.md:51	planning, implementation with fitting proof, bounded independent review and accepted corrections, and PR readiness	single-review-per-goal	Require every PR review or stack-layer review, all accepted corrections, and all named integration gates before the requested terminal.	rewrite
plugins/shravan-dev-workflow/skills/orchestrator-implementation-goal/references/goal-contract-and-routing.md:5	the main-authored canonical plan and PR assignments	multi-pr-plan	Supply the ready breakdown identity and each started PR's plan path and base as call-context inputs; the breakdown itself stores no plan paths or state.	rewrite
plugins/shravan-dev-workflow/skills/orchestrator-implementation-goal/references/goal-contract-and-routing.md:22	🔎 Review Sidekick: <persistent session or not yet commissioned>	review-unit	Represent reviewer relationships by independent PR or stack, with the active layer named for stacks.	rewrite
plugins/shravan-dev-workflow/skills/orchestrator-implementation-goal/references/goal-contract-and-routing.md:42	The orchestrator authors design and planning and remains the default user conversation throughout delivery.	plans-in-impl-orchestrator	Keep design authority and Main ownership, but route planning to Main's plan-implementation session; the delivery orchestrator only admits ready records.	rewrite
plugins/shravan-dev-workflow/skills/orchestrator-implementation-goal/references/goal-contract-and-routing.md:59	-> orchestrator loads plan-implementation and authors the plan	plans-in-impl-orchestrator	Return `ready-for-planning` to Main, which authors the breakdown and first-frontier PR plans.	rewrite
plugins/shravan-dev-workflow/skills/orchestrator-implementation-goal/references/goal-contract-and-routing.md:62	orchestrator loads plan-implementation and authors the plan	plans-in-impl-orchestrator	Return the admitted finding and planning gap to Main; planning writes the breakdown and one-PR plans.	rewrite
plugins/shravan-dev-workflow/skills/orchestrator-implementation-goal/references/goal-contract-and-routing.md:68	commission/resume the planned PR implementation 🐒 Sidekick(s)	keep	Keep implementation assignment per planned PR; require a ready breakdown and that PR's base-specific plan first.	cite
plugins/shravan-dev-workflow/skills/orchestrator-implementation-goal/references/goal-contract-and-routing.md:71	orchestrator assessment against the original need, design, plan, current diff, actual proof, complexity, PR boundaries, and integration	integration-gate	Assess each PR against its own plan and proof; Main separately runs breakdown gates after participating PRs are PR-ready.	rewrite
plugins/shravan-dev-workflow/skills/orchestrator-implementation-goal/references/goal-contract-and-routing.md:74	-> implementation-review for general-domain work	review-unit	Route review for each independent PR; a stack uses one reviewer relationship across each layer's parent-to-head diff and plan.	rewrite
plugins/shravan-dev-workflow/skills/orchestrator-implementation-goal/references/goal-contract-and-routing.md:78	then the same 🔎 Review Sidekick	review-unit	Retain the reviewer relationship for the same PR or stack; refresh only that unit's affected coverage.	rewrite
plugins/shravan-dev-workflow/skills/orchestrator-implementation-goal/references/goal-contract-and-routing.md:90	Inspect the original need and accepted design, main-authored plan and PR scope, current diff, actual proof and gaps	integration-gate	Make per-PR assessments distinct from Main's later cross-PR integration-gate execution.	rewrite
plugins/shravan-dev-workflow/skills/orchestrator-implementation-goal/references/goal-contract-and-routing.md:104	verify the material gates implied by the requested terminal, explicit proof expectations, unresolved findings and decisions	integration-gate	Include the breakdown's named gates and verify each after its participating PRs are PR-ready.	rewrite
plugins/shravan-dev-workflow/skills/orchestrator-implementation-goal/references/goal-contract-and-routing.md:107	implementation proof, current bounded independent review, and current PR checks	review-unit	Require current review for every independent PR or stack layer; report PR checks per PR.	rewrite
plugins/shravan-dev-workflow/skills/orchestrator-implementation-goal/references/goal-contract-and-routing.md:112	review returned ready	review-unit	Require ready results for every independent PR and every layer in each stack.	rewrite
plugins/shravan-dev-workflow/skills/orchestrator-design/SKILL.md:78	Once the plan is ready, MUST load `manage-agents` to assign or resume one persistent implementation 🐒 Sidekick per useful planned PR assignment	design-orchestrator-commissions	Keep continued-delivery planning here when requested, then hand the ready breakdown/plan set to orchestrator-implementation-goal instead of commissioning implementation Sidekicks.	rewrite
plugins/shravan-dev-workflow/skills/orchestrator-design/SKILL.md:80	Independent PR assignments may proceed concurrently; dependent assignments wait for verified prerequisites.	stack-or-parallel	Use separate branches/worktrees for independent PRs; route dependent PRs through a stack and execute its layers from the bottom up.	rewrite
plugins/shravan-dev-workflow/skills/manage-agents/SKILL.md:12	Main assesses completed development and cross-PR integration before an independent 🔎 Review Sidekick examines the implementation.	single-review-per-goal	Assess each PR before its reviewer; keep cross-PR gate execution in Main's later integration step.	rewrite
plugins/shravan-dev-workflow/skills/manage-agents/SKILL.md:14	one persistent implementation Sidekick may own each useful planned PR assignment.	keep	Keep Main-authored assignment per PR; it matches the breakdown's execution units.	keep
plugins/shravan-dev-workflow/skills/manage-agents/SKILL.md:36	One separate persistent top-level session with only its own review history through corrections.	keep	Keep one isolated reviewer session for each independent PR, and one continuing relationship across a stack's layer reviews.	keep
plugins/shravan-dev-workflow/skills/manage-agents/SKILL.md:42	In a larger round, allocate up to half of review leads to a different lineage by cost.	single-review-per-goal	Replace proportional reviewer selection with B8's required different-lineage reviewer for every independent PR or stack.	rewrite
plugins/shravan-dev-workflow/skills/manage-agents/SKILL.md:96	Several independent PR assignments may run as several Sidekicks; dependent work waits for verified prerequisites.	stack-or-parallel	Retain parallel separate-branch PRs and specify dependent PRs as `gh stack` layers run lowest to highest.	rewrite
plugins/shravan-dev-workflow/skills/practices-collaboration/SKILL.md:8	When several planned PR assignments run at once, the work uses a **coordination root** for whole-work decisions and integration, plus one **execution root** per assignment for that assignment's discussion and proof	keep	Keep coordination and execution roots; define stack/PR assignment identity in orchestration without weakening per-assignment trace ownership.	keep
plugins/shravan-dev-workflow/shared-references/owner-decision-brief.md:3	Procedure (sequencing, PR grouping, agent or model choice, review rounds, work home) is decided and recorded, never briefed.	keep	Keep PR grouping as Main's recorded procedure; the owner sees the resulting map but does not decide routine grouping mechanics.	keep
plugins/shravan-dev-workflow/shared-references/canonical-implementation-plan.md:1	# One Implementation Plan	multi-pr-plan	Rename/define the contract as a single-PR plan and define the separate breakdown record.	rewrite
plugins/shravan-dev-workflow/shared-references/canonical-implementation-plan.md:16	plan path: <sole Markdown document identity>	keep	Keep one immutable path per PR plan; each plan points up to its breakdown identity and node. The breakdown records no plan paths; any live index stays outside it as non-authoritative call context.	keep
plugins/shravan-dev-workflow/shared-references/canonical-implementation-plan.md:33	delivery grouping: single:<name> | selected:<option-name>	multi-pr-plan	Remove delivery grouping and PR topology from each plan; place PR map, bases, nodes, and edges in the breakdown.	rewrite
plugins/shravan-dev-workflow/shared-references/canonical-implementation-plan.md:34	PR topology: not-applicable | one-pr | separate-prs	multi-pr-plan	Remove this field from the plan record; breakdown owns PR nodes, edges, stacks, and contract PRs.	rewrite
plugins/shravan-dev-workflow/shared-references/canonical-implementation-plan.md:53	Planning chooses technical strategy and the one coherent vertical grouping when only one exists.	multi-pr-plan	Move grouping/topology decisions to the breakdown; each plan carries one PR node identity and base.	rewrite
plugins/shravan-dev-workflow/shared-references/canonical-implementation-plan.md:59	finally writes exactly one `<project-root>/tmp/plan-workflows/<yyyy-mm-dd>-<slug>.md` plan.	multi-pr-plan	Write a plan per PR when its base exists; write only first-frontier plans alongside the breakdown.	rewrite
plugins/shravan-dev-workflow/shared-references/canonical-implementation-plan.md:63	Every plan includes its result, governing basis, delivery context, planned-at branch/HEAD, goal, scope/non-goals, current evidence, write surfaces, proof-bearing slices, necessary dependency edges, obligation-to-proof mapping, integration gates	integration-gate	Keep slice/local gates in each PR plan; the breakdown separately owns gates where PRs first interact.	keep
plugins/shravan-dev-workflow/shared-references/canonical-implementation-plan.md:79	placeholder grouping/topology	multi-pr-plan	Remove these plan-field checks when the fields move to the breakdown; validate the required PR node and base instead.	rewrite
plugins/shravan-dev-workflow/skills/plan-implementation/SKILL.md:10	The user-facing main loads this skill and authors the complete plan, including strategy, slices, dependencies, proof mapping, and PR boundaries	multi-pr-plan	Make plan-implementation own the breakdown; generate a separate one-PR plan with PR node and base for each ready frontier node.	rewrite
plugins/shravan-dev-workflow/skills/plan-implementation/SKILL.md:27	The main still authors every plan row and delivery boundary.	keep	Keep Main as author; clarify that the new breakdown and its PR boundaries are authored here before per-PR plans.	keep
plugins/shravan-dev-workflow/skills/plan-implementation/SKILL.md:28	necessary dependency edges, integration gates, false-green risks, and stop conditions	integration-gate	Keep slice-level gates returned by this design reference and separately author cross-PR gates in the breakdown.	keep
plugins/shravan-dev-workflow/skills/plan-implementation/SKILL.md:29	If materially different groupings or PR topologies exist, pick one and record the choice, the alternatives, and the reason in the plan.	multi-pr-plan	Put PR boundaries and topology alternatives in the breakdown; plans record only their node/base and PR-specific work.	rewrite
plugins/shravan-dev-workflow/skills/plan-implementation/SKILL.md:32	finally write exactly one `<project-root>/tmp/plan-workflows/<yyyy-mm-dd>-<slug>.md` plan and return its exact path.	multi-pr-plan	Write the breakdown and ready-frontier PR plans together, then write each later PR plan once its base exists.	rewrite
plugins/shravan-dev-workflow/skills/plan-implementation/SKILL.md:38	validates a `pr-ready-unmerged` ready record and invokes `implement-plan` without another generic approval question	multi-pr-plan	Validate the ready breakdown and the selected node's base-specific plan, then return `ready-for-implementation` with breakdown identity, node, plan path, and base; the caller (Main) invokes the next orchestrator. The phase names no orchestrator.	rewrite
plugins/shravan-dev-workflow/skills/plan-implementation/SKILL.md:43	one main-authored ready immutable plan exists at the required path	multi-pr-plan	Require a ready breakdown plus the required ready per-PR plan set, or an exact non-ready result.	rewrite
plugins/shravan-dev-workflow/skills/plan-implementation/references/slice-and-proof-design.md:36	parallel A || B   advisory only; both are independent after named prerequisites	keep	This is slice-level parallelism, not CB2 PR independence; retain the distinction between the two.	keep
plugins/shravan-dev-workflow/skills/plan-implementation/references/slice-and-proof-design.md:41	Place an integration gate at the earliest slice where separately changed components first interact.	keep	Keep gates at first intra-plan slice interaction; CB1 adds separate gates for first cross-PR interaction.	keep
plugins/shravan-dev-workflow/skills/plan-improve-repo/SKILL.md:10	this skill returns the admitted finding and basis to `plan-implementation`, which the main loads to author the one delivery plan.	multi-pr-plan	Return the admitted finding to the planner, which writes a breakdown (one node, or one per independent outcome) and first-frontier plans.	rewrite
plugins/shravan-dev-workflow/skills/plan-improve-repo/SKILL.md:12	`plan-implementation` owns direct reviewed-design planning and the single plan for an orchestrated improvement delivery.	multi-pr-plan	Replace the single-plan outcome with a breakdown of one or more independent outcomes and its per-node plans.	rewrite
plugins/shravan-dev-workflow/skills/plan-improve-repo/SKILL.md:103	Write one plan per admitted improvement that can return `ready`:	multi-pr-plan	One plan per breakdown node; a finding is one node unless it truly holds independent outcomes. Owner count does not decide.	rewrite
plugins/shravan-dev-workflow/skills/plan-improve-repo/SKILL.md:106	one focused plan per finding, not a mega-plan	keep	Keep this sizing rule; B7 keeps one-PR findings focused and uses a breakdown for cross-owner findings.	keep
plugins/shravan-dev-workflow/skills/plan-improve-repo/references/improvement-plan-template.md:3	Write one file per accepted improvement only when planning can return `ready`.	multi-pr-plan	Use the one-PR plan template per node; use a breakdown for an improvement spanning owners.	rewrite
plugins/shravan-dev-workflow/skills/plan-improve-repo/references/improvement-plan-template.md:44	<integration gate where separately changed parts first meet>	integration-gate	Keep this as a slice-level gate inside the PR plan; the breakdown separately names cross-PR gates.	keep
plugins/shravan-dev-workflow/skills/plan-improve-repo/references/improvement-plan-template.md:77	Delivery grouping: single:<name>	multi-pr-plan	Remove delivery grouping from a plan template; it belongs in the breakdown.	rewrite
plugins/shravan-dev-workflow/skills/plan-improve-repo/references/improvement-plan-template.md:78	PR topology: not-applicable	multi-pr-plan	Remove PR topology; record the node identity, PR base, and plan path instead.	rewrite
plugins/shravan-dev-workflow/skills/plan-improve-repo/references/improvement-plan-template.md:81	Also maintain a `plans/README.md` or local index when writing multiple plans:	multi-pr-plan	Make any plan index point back to its breakdown nodes so plan paths retain their PR/base association.	rewrite
plugins/shravan-dev-workflow/skills/plan-improve-repo/references/improvement-plan-template.md:91	The index projects ready canonical plan paths only.	multi-pr-plan	Include or point to the breakdown identity/node mapping when indexing a multi-PR plan set.	rewrite
plugins/shravan-dev-workflow/skills/plan-handoff/SKILL.md:10	Package an existing implementation plan so another agent can review or execute without reconstructing the conversation.	multi-pr-plan	Package exactly one PR's canonical plan with its breakdown node; preserve sibling PR context only through the breakdown pointer.	rewrite
plugins/shravan-dev-workflow/skills/plan-handoff/SKILL.md:19	Include the plan's obligation-to-slice-to-proof mapping (path or excerpt) or its compact proof line	multi-pr-plan	Include the associated breakdown node and PR base with this single plan's proof mapping.	rewrite
plugins/shravan-dev-workflow/skills/plan-handoff/SKILL.md:33	return the unchanged plan record, governing basis, delivery context, and any blocking discrepancy	multi-pr-plan	Return the unchanged PR plan and its breakdown node so handoff preserves identity and topology.	rewrite
plugins/shravan-dev-workflow/skills/plan-handoff/references/handoff-template.md:12	Source plan: <absolute or repo-relative path>	multi-pr-plan	Add the associated breakdown path, node id, PR scope, and base to the handoff header.	rewrite
plugins/shravan-dev-workflow/skills/plan-handoff/references/handoff-template.md:16	Delivery context: <complete unchanged context>	multi-pr-plan	Carry the per-PR delivery context and separate breakdown node, without former plan-level topology fields.	rewrite
plugins/shravan-dev-workflow/skills/plan-handoff/references/handoff-template.md:67	Canonical plan record: <immutable path, originating planner, result and payload>	multi-pr-plan	Include the breakdown node id and base with the one-PR plan record.	rewrite
plugins/shravan-dev-workflow/skills/plan-handoff/references/handoff-template.md:68	Governing planning basis and delivery context: <complete unchanged values>	multi-pr-plan	Carry the current per-PR plan context plus a pointer to the breakdown node.	rewrite
plugins/shravan-dev-workflow/skills/plan-handoff/references/handoff-template.md:85	Preserve the canonical plan record, governing basis, and delivery context unchanged.	keep	Keep record immutability; add its PR node/base pointer alongside the unchanged plan.	keep
plugins/shravan-dev-workflow/skills/implement-plan/SKILL.md:19	validating the complete plan record, governing planning basis, and delivery context	multi-pr-plan	Validate the PR plan together with its breakdown node and require its recorded PR base.	rewrite
plugins/shravan-dev-workflow/skills/implement-plan/SKILL.md:28	Parallelism is only eligible for plan-identified independent slices with disjoint writes after proven prerequisites.	keep	This governs slices within one PR plan; CB2 independently decides PR-level independence.	keep
plugins/shravan-dev-workflow/skills/implement-plan/SKILL.md:30	integrate only at the plan's named gate	keep	Keep execution of slice-level gates in the plan; Main owns breakdown-level cross-PR gates.	keep
plugins/shravan-dev-workflow/skills/implement-plan/SKILL.md:32	return the affected proof through orchestrator disposition to the same 🔎 Review Sidekick	review-unit	Return proof to the reviewer assigned to this PR or stack; do not share reviewer identity across independent PRs.	rewrite
plugins/shravan-dev-workflow/skills/implement-plan/SKILL.md:33	return the canonical plan record, governing basis, delivery context, and completion report to the orchestrator for assessment before the first independent review.	review-unit	Return each PR's result for its own Main assessment before its review; the stack relationship then reviews each completed layer against that layer's plan.	rewrite
plugins/shravan-dev-workflow/skills/implementation-review/SKILL.md:10	That lead reads every governing source and the complete diff, walks the checks below in its own session	review-unit	Define the complete diff as exactly one PR or one stack-layer diff; a stack keeps the reviewer relationship while changing layer plan/base inputs.	rewrite
plugins/shravan-dev-workflow/skills/implementation-review/SKILL.md:18	validate the unchanged ready plan record, governing planning basis, delivery context, base/reviewed commits, diff range	review-unit	Validate the plan associated with the reviewed PR node and the node's base-to-head range.	rewrite
plugins/shravan-dev-workflow/skills/implementation-review/SKILL.md:24	commission or resume one persistent, different-lineage 🔎 Review Sidekick with no author or orchestrator history	review-unit	Make the assigned unit explicit: new lead per independent PR, same relationship across all layers in a stack.	rewrite
plugins/shravan-dev-workflow/skills/implementation-review/SKILL.md:28	Read the complete governing basis and the complete base-to-reviewed diff yourself before planning checks.	keep	Retain the full-read gate for the assigned PR or stack-layer diff; do not weaken it to a partial goal review.	keep
plugins/shravan-dev-workflow/skills/implementation-review/SKILL.md:66	caller invokes another review with fresh diff/proof until the result is `ready` or `not-converging`	keep	Keep fresh review after corrections within the same PR or stack relationship.	keep
plugins/shravan-dev-workflow/skills/implementation-review/references/lanes/lane-schema.md:3	complete diff, chunk plan, proof claims, and known gaps in its own session	keep	The complete diff and map remain scoped to one assigned PR or stack layer.	keep
plugins/shravan-dev-workflow/skills/implementation-review/references/coordination-and-chunking.md:5	the review lead's own whole-map read (complete governing basis and diff) and the proof claims	keep	Scope whole-map input to the single PR or stack layer assigned for review.	keep
plugins/shravan-dev-workflow/skills/implementation-review/references/coordination-and-chunking.md:25	Use one chunk spanning the whole diff when a single reviewer can read every changed file	keep	This remains the one PR/layer unit when small; stack layers can be reviewed sequentially by one relationship.	keep
plugins/shravan-dev-workflow/skills/implementation-review/references/lanes/dispel.md:5	the current review context with `chunk: whole-diff`, the complete diff (not summaries)	keep	Keep whole-diff scope at the assigned PR/layer boundary.	keep
plugins/shravan-dev-workflow/skills/skills-creation/SKILL.md:174	The main assesses the current changes and evidence against the accepted need/spec/plan before commissioning independent implementation review	review-unit	When accepted work has several PR assignments, assess and commission review per independent PR or stack layer.	rewrite
plugins/shravan-dev-workflow/skills/skills-creation/SKILL.md:265	current implementation plan or run allocation, and repository instructions	multi-pr-plan	Use the plan for the PR being assessed and identify the breakdown node/base for the changed files.	rewrite
plugins/shravan-dev-workflow/skills/skills-creation/SKILL.md:274	when several PR assignments exist, prerequisites and integrated behavior are current across their exact source identities.	keep	Keep this freshness check and add explicit execution of each named breakdown gate elsewhere.	keep
plugins/shravan-dev-workflow/skills/skills-creation/SKILL.md:276	Only a source-backed accepted main assessment may commission implementation review.	review-unit	Commission at that PR's accepted assessment, with one stack relationship reviewing its layers in order.	rewrite
plugins/shravan-dev-workflow/skills/skills-creation/SKILL.md:282	the orchestrator commissions a different-lineage persistent 🔎 Review Sidekick with no author context.	single-review-per-goal	Select the reviewer for the current independent PR or stack relationship; do not use one lead for all assignments.	rewrite
plugins/shravan-dev-workflow/skills/skills-creation/SKILL.md:284	then the same review lead refreshes affected coverage	review-unit	Reuse the same lead only within the assigned PR or stack relationship as each layer's coverage is refreshed.	rewrite
plugins/shravan-dev-workflow/skills/skills-creation/SKILL.md:292	when implementation review ran, every required check has `complete` status	review-unit	Require completion across all assigned PR reviews or all layers of the stack before the package run is complete.	rewrite
plugins/shravan-dev-workflow/skills/skills-creation/SKILL.md:304	review lead lacked independence from the authoring session	review-unit	Apply lineage independence to every independent PR reviewer and every stack's assigned reviewer.	rewrite
plugins/shravan-dev-workflow/skills/skills-creation/SKILL.md:307	or cross-assignment integration applicable to the change	integration-gate	Keep integration in Main assessment and add running the breakdown's named gates after participating PRs are ready.	rewrite
plugins/shravan-dev-workflow/skills/skills-creation/SKILL.md:312	reached `PR-ready` or `released` without review-lead reduction and synthesis	review-unit	Require the reduction and synthesis for each independent PR or each stack layer before final readiness.	rewrite
plugins/shravan-dev-workflow/skills/skills-creation/references/review/implementation-review.md:3	review after fitting proof and the user-facing main's source-backed assessment and before ship status advances	review-unit	Scope this review to the assigned PR or stack layer; the stack relationship continues for each layer.	rewrite
plugins/shravan-dev-workflow/skills/skills-creation/references/review/implementation-review.md:11	walks the checks selected by touched surface in its own session	keep	Keep one lead/session for one PR, or the same relationship for successive stack layers; caller supplies the review unit.	keep
plugins/shravan-dev-workflow/skills/skills-creation/references/review/implementation-review.md:35	the main inspected the actual diff and proof against the original need, accepted spec/plan, ownership, complexity, and integration	integration-gate	Keep this per-PR assessment and identify cross-PR gate execution as a separate Main-owned step.	rewrite
plugins/shravan-dev-workflow/skills/skills-creation/references/review/implementation-review.md:55	Resume the same review lead to refresh affected check coverage while the loop converges	keep	Keep corrections on the same assigned PR/layer relationship; a separate independent PR gets its own lead.	keep
plugins/shravan-dev-workflow/skills/skills-creation/references/review/implementation-review.md:57	Resume the same lead only when affected coverage needs refresh.	keep	Reuse current coverage only inside that PR or stack relationship; do not carry it across independent PRs.	keep
plugins/shravan-dev-workflow/skills/skills-creation/references/review/implementation-review.md:59	every changed file is accounted for as reviewed, static-only, or out-of-scope	keep	Keep changed-file accounting complete within the assigned PR or stack layer.	keep
plugins/shravan-dev-workflow/shared-references/owner-decision-brief.md:3	Procedure (sequencing, PR grouping, agent or model choice, review rounds, work home) is decided and recorded, never briefed.	keep	Keep procedure topology as Main's recorded choice; the owner reviews the resulting PR map.	keep
tests/skills/fixtures/minimal-planning-delivery/active-orchestration-commission.md:64	When a user asks to take a change through delivery, the agent can compose the existing design workflow with one canonical implementation plan, optional tracker publication, thin plan execution, indepe	keep	This fixture coordinates one plugin PR; one plan remains valid for that single PR under B3.	keep
tests/skills/fixtures/minimal-planning-delivery/active-orchestration-commission.md:109	| Canonical planning authority | One Markdown plan; tickets are optional tracking projections | A plan-or-tickets branch creates two schemas and lets provider tickets become design authority. Existing	keep	One Markdown plan per PR remains compatible; this fixture concerns one coordinated PR, not one plan spanning several PRs.	keep
tests/skills/fixtures/minimal-planning-delivery/active-orchestration-commission.md:153	1. Classify `general-domain | runtime-skill-package`. A runtime skill package requires the exact `skills-creation` parent identity authorizing composition; otherwise route there and stop. Then admit t	plans-in-impl-orchestrator	B1 changes the orchestrator result when no ready breakdown and per-PR plans exist: return `ready-for-planning` to Main.	rewrite
tests/skills/fixtures/minimal-planning-delivery/active-orchestration-commission.md:156	4. MUST load `references/slice-and-proof-design.md` to decompose the admitted obligations into proportional proof-bearing slices and return the slice graph, proof mapping, collision/dependency edges, 	keep	This is slice-level proof planning; CB1 adds PR-to-PR integration gates to the breakdown without removing slice gates.	keep
tests/skills/fixtures/minimal-planning-delivery/active-orchestration-commission.md:159	7. MUST load `../../shared-references/canonical-implementation-plan.md` to select the proportional artifact form and repository home, produce and verify the canonical tuple and result-specific payload	multi-pr-plan	Clarify that each plan is for one PR and is written when its base exists; first-frontier plans accompany the breakdown.	rewrite
tests/skills/fixtures/minimal-planning-delivery/active-orchestration-commission.md:212	Success: given an exact governing reviewed-design or admitted-improvement authority, the complete path-addressed canonical plan tuple with complete separate matching approval-evidence record, base and	review-unit	State review is per independent PR, or per stack layer against its parent and that layer plan.	rewrite
tests/skills/fixtures/minimal-planning-delivery/active-orchestration-commission.md:226	2. MUST load `../../shared-references/canonical-implementation-plan.md` to validate and preserve the unchanged tuple plus separate approval-evidence record and return its exact admission or blocker. A	review-unit	Admission must bind review to its PR node or stack layer and that PR plan as the rail.	rewrite
tests/skills/fixtures/minimal-planning-delivery/active-orchestration-commission.md:227	3. Resolve one complete reviewer through `manage-agents`: fresh context, read-only, candidate-only, complete sources, no expected verdict. MUST dispatch `complete-reviewer` using the shared review pac	single-review-per-goal	Specify one reviewer relationship per independent PR, or one per stack judging each layer, rather than one for the whole goal.	rewrite
tests/skills/fixtures/minimal-planning-delivery/active-orchestration-commission.md:272	2. Inspect current artifacts and evidence to identify the first unproven gate; a label or chat assertion is not proof. IF a canonical plan exists or a planning result is being evaluated, load `../../s	plans-in-impl-orchestrator	Goal admission must inspect a ready breakdown and the ready plan for each PR it starts.	rewrite
tests/skills/fixtures/minimal-planning-delivery/active-orchestration-commission.md:273	3. Invoke exactly one owning skill in the current turn and pass only its required pointers, evidence, constraints, and authority. Naming or recommending that owner as a future `next_action` is not inv	plans-in-impl-orchestrator	When the breakdown or needed PR plan is absent, return `ready-for-planning` instead of invoking planning inside goal orchestration.	rewrite
tests/skills/fixtures/minimal-planning-delivery/active-orchestration-commission.md:310	- `plan-improve-repo`: a `route | blocked` phase receipt with governing-input identities, reason/evidence, and semantic or unblock owner, plus either `plan identity: none` when no completed plan exist	multi-pr-plan	Include B7: a breakdown of one node (or one per independent outcome) with its plan; owner count does not decide.	rewrite
tests/skills/fixtures/minimal-planning-delivery/active-orchestration-commission.md:311	- `plan-implementation`: a `route | blocked` phase receipt with governing design/review input identities, reason/evidence, and semantic or unblock owner, plus either `plan identity: none` when no comp	multi-pr-plan	Return the breakdown and per-PR plans for the ready frontier, with node and base identities.	rewrite
tests/skills/fixtures/minimal-planning-delivery/active-orchestration-commission.md:312	- `implement-plan`: unchanged canonical plan tuple, complete separate current-plan approval-evidence record or explicit absence, implementation base/HEAD/diff, obligation/slice coverage, proof observa	multi-pr-plan	Key implementation evidence to the selected PR plan and its breakdown node.	rewrite
tests/skills/fixtures/minimal-planning-delivery/active-orchestration-commission.md:313	- `implementation-review`: unchanged canonical plan tuple, complete separate current-plan approval-evidence record or explicit absence, exact reviewed base/HEAD/diff, governing authority, current cove	review-unit	Add the PR or stack-layer target and preserve that layer plan as the reviewer rail.	rewrite
tests/skills/fixtures/minimal-planning-delivery/active-orchestration-commission.md:315	- `implementation-pr-wrapup`: PR URL/number, base/head/SHA, checks, comments/reviews, mergeability, draft/readiness, and explicit no-merge boundary.	stack-or-parallel	State wrap-up runs per PR, and per stack from its lowest layer upward.	rewrite
tests/skills/fixtures/minimal-planning-delivery/active-orchestration-commission.md:337	- `plan-handoff`: MUST load `../../shared-references/canonical-implementation-plan.md` to validate the existing completed plan and preserve it without re-authoring or approval, and return the unchange	multi-pr-plan	Plan handoff must carry the selected PR plan together with its breakdown node.	rewrite
tests/skills/fixtures/minimal-planning-delivery/existing-plan.md:20	- Delivery grouping: single:scenario-label-summary	multi-pr-plan	Remove plan-level grouping; identify its PR node and base from the breakdown.	rewrite
tests/skills/fixtures/minimal-planning-delivery/existing-plan.md:21	- PR topology: one-pr	multi-pr-plan	Remove PR topology from the plan record; the breakdown supplies PR relationships and base.	rewrite
tests/skills/fixtures/minimal-planning-delivery/existing-plan.md:29	Integration gate: not applicable because this is one isolated pure formatter slice with no separately changed component.	keep	This describes an intra-PR slice gate and remains compatible; CB1 owns gates where separate PR nodes first meet.	keep
tests/skills/fixtures/minimal-planning-delivery/improvement-plan.md:18	- Delivery grouping: single:remove-duplicate-fixture-sorting	multi-pr-plan	Replace plan-level grouping with the one PR node/base from the breakdown.	rewrite
tests/skills/fixtures/minimal-planning-delivery/improvement-plan.md:19	- PR topology: not-applicable	multi-pr-plan	Remove PR topology from the plan; the plan names its breakdown identity, node, and base; a single-node breakdown fixture accompanies it.	rewrite
tests/skills/fixtures/minimal-planning-delivery/handoff-plan.md:20	- Delivery grouping: single:scenario-label-summary	multi-pr-plan	Replace grouping with the plan’s PR node/base and carry its breakdown node in the handoff.	rewrite
tests/skills/fixtures/minimal-planning-delivery/handoff-plan.md:21	- PR topology: not-applicable	multi-pr-plan	Remove PR topology from the plan and represent PR relationships in its breakdown.	rewrite
tests/skills/fixtures/minimal-planning-delivery/implementation-complete-proof.md:14	- Integration gate: not applicable; one isolated pure owner.	keep	No gate was needed for this isolated PR; this remains compatible with breakdown-level PR interaction gates.	keep
tests/skills/lib/minimal-planning-delivery-contract.test.ts:25	  test("uses one ready canonical plan with governing basis and delivery context", () => {	test-assertion	Assert one plan per PR plus the ready breakdown and frontier plans, not one plan for a whole goal.	test-update
tests/skills/lib/minimal-planning-delivery-contract.test.ts:36	    expect(contract).toContain("delivery grouping:");	test-assertion	Drop this removed canonical-plan field and assert the breakdown carries PR grouping.	test-update
tests/skills/lib/minimal-planning-delivery-contract.test.ts:37	    expect(contract).toContain("PR topology:");	test-assertion	Drop this removed canonical-plan field and assert the breakdown carries topology.	test-update
tests/skills/lib/minimal-planning-delivery-contract.test.ts:46	    expect(planner).toContain("materially different groupings or PR topologies");	test-assertion	Move topology choices from the per-PR plan to the owner-visible breakdown.	test-update
tests/skills/lib/minimal-planning-delivery-contract.test.ts:48	      "pick one and record the choice, the alternatives, and the reason in the plan",	test-assertion	Assert the breakdown records PR-node decisions; the plan records one node and its base.	test-update
tests/skills/lib/minimal-planning-delivery-contract.test.ts:54	      "picks one, records the choice, the alternatives, and the reason in the plan, and returns `ready`",	test-assertion	Move this contract assertion to the breakdown record.	test-update
tests/skills/lib/minimal-planning-delivery-contract.test.ts:59	      "write exactly one `<project-root>/tmp/plan-workflows/<yyyy-mm-dd>-<slug>.md` plan",	test-assertion	Support one plan per ready PR frontier; each plan names its PR node and base.	test-update
tests/skills/lib/minimal-planning-delivery-contract.test.ts:107	      "return the unchanged plan record, governing basis, delivery context",	test-assertion	Require plan-handoff to preserve the selected PR plan plus its breakdown node.	test-update
tests/skills/lib/minimal-planning-delivery-contract.test.ts:114	  test("goal orchestration continues one owner at a time to PR-ready without merge", () => {	stack-or-parallel	Allow independent PRs or stacks in parallel while keeping each stack’s layers ordered.	test-update
tests/skills/lib/minimal-planning-delivery-contract.test.ts:124	    expect(orchestrator).toContain("ready delivery plan continues immediately");	test-assertion	Test a ready breakdown and each started PR plan, not a lone goal-wide plan.	test-update
tests/skills/pressure-scenarios/shravan-dev-workflow/plan-implementation/main-authors-plan.md:17	Chat only; show the ownership and sequence without writing files or dispatching. I am the user-facing main. The current reviewed design is ready and continued delivery is authorized. The intended impl	multi-pr-plan	Separate Main-authored breakdown/PR boundaries from the per-PR plan the Sidekick executes.	rewrite
tests/skills/pressure-scenarios/shravan-dev-workflow/plan-implementation/main-authors-plan.md:21	- The main authors plan strategy, slices, dependencies, proof map, and PR boundaries.	multi-pr-plan	Name the breakdown as PR-map owner and the per-PR plan as the execution rail.	rewrite
tests/skills/pressure-scenarios/shravan-dev-workflow/plan-implementation/main-authors-plan.md:27	- Assigns the canonical plan or PR topology to the Sidekick or Worker.	test-assertion	Keep Main’s authorship but test that the breakdown, not the plan, owns PR topology.	test-update
tests/skills/pressure-scenarios/shravan-dev-workflow/plan-implementation/cases.ts:44	        requirement: "In this fast read-only characterization, describes one proportional artifact-ready plan candidate whose obligations map to vertical proof-bearing slices, meaningful edges, integr	test-assertion	The characterization should include the breakdown and one plan per ready PR frontier node.	test-update
tests/skills/pressure-scenarios/shravan-dev-workflow/plan-implementation/cases.ts:147	        requirement: "Serializes overlapping writes, keeps parallel edges advisory after prerequisites, and places an integration gate where separately changed parts first interact.",	integration-gate	This case covers slice-level integration only; add breakdown coverage for each PR-to-PR gate, its proof, and owner.	test-update
tests/skills/pressure-scenarios/shravan-dev-workflow/plan-implementation/cases.ts:220	      { name: "uses-project-tmp", requirement: "Orders project-root resolution, equivalent ignore check, project .gitignore tmp/* addition when absent, and one tmp/plan-workflows date-slug Markdown pl	test-assertion	Allow a breakdown plus a plan path for each ready PR node instead of forbidding several plans.	test-update
tests/skills/pressure-scenarios/shravan-dev-workflow/plan-implementation/cases.ts:233	      { name: "main-authors-complete-plan", requirement: "Keeps strategy, slices, dependencies, proof mapping, and PR topology with the user-facing main rather than the intended implementation Sidekic	test-assertion	Keep PR-map authorship with Main but assign it to the breakdown; distinguish this from each PR plan.	test-update
tests/skills/pressure-scenarios/shravan-dev-workflow/plan-implementation/admit-reviewed-design.md:30	- In this fast read-only characterization, returns one proportional artifact-ready plan candidate with proof-bearing slices, obligation/proof mapping, meaningful edges, integration gates, and stop con	multi-pr-plan	Return the breakdown and first frontier’s per-PR plan candidates for the reviewed design.	rewrite
tests/skills/pressure-scenarios/shravan-dev-workflow/plan-implementation/orchestrated-plan-uses-project-tmp.md:17	- Resolves the project root, adds `tmp/*` to project `.gitignore` before plan creation when writes are allowed, and chooses one `tmp/plan-workflows/<date>-<slug>.md` path.	multi-pr-plan	Specify repository homes for the breakdown and each ready-frontier PR plan.	rewrite
tests/skills/pressure-scenarios/shravan-dev-workflow/plan-implementation/slice-collisions-and-proof-fit.md:29	- Places an integration gate where changed parts first meet.	keep	This assertion is about slice interactions within a plan; B6 adds PR-node gates to the breakdown.	keep
tests/skills/pressure-scenarios/shravan-dev-workflow/orchestrator-implementation-goal/cases.ts:119	      { name: "selects-reviewed-design-planner", requirement: "Opens the current Requirements, Specification, Program Design, and ready review, verifies their identities and applicability, and routes 	plans-in-impl-orchestrator	When planning is missing, return `ready-for-planning` to Main rather than routing planning inside goal orchestration.	test-update
tests/skills/pressure-scenarios/shravan-dev-workflow/orchestrator-implementation-goal/cases.ts:120	      { name: "selects-planner-without-inventing-plan", requirement: "Selects plan-implementation next, states that no plan gate is proven, and does not fabricate a plan record, approval, ticket, or p	plans-in-impl-orchestrator	Assert the `ready-for-planning` return to Main when no ready breakdown/plan set is admitted.	test-update
tests/skills/pressure-scenarios/shravan-dev-workflow/orchestrator-implementation-goal/cases.ts:128	      { name: "assesses-before-independent-review", requirement: "Opens the ready plan, governing basis, delivery context, reviewed source identities, current diff/proof, and assesses them against the	review-unit	Route after Main assesses a PR to its reviewer; for a stack, use its reviewer relationship layer by layer.	test-update
tests/skills/pressure-scenarios/shravan-dev-workflow/orchestrator-implementation-goal/cases.ts:242	      { name: "continues-ready-delivery", requirement: "Validates the ready plan, governing basis, and pr-ready-unmerged context, then commissions or resumes the planned implementation Sidekick and se	plans-in-impl-orchestrator	Require a ready breakdown and the plan for the PR being started before commissioning its Sidekick.	test-update
tests/skills/pressure-scenarios/shravan-dev-workflow/orchestrator-implementation-goal/cases.ts:257	      { name: "uses-thread-local-implementation-roots", requirement: "Uses a coordination root plus one linked execution root per simultaneous PR Sidekick, with one implementer per thread and no proje	stack-or-parallel	The setup is dependent PRs; model them as a stack, or make the scenario explicitly independent before asserting one root per PR in parallel.	test-update
tests/skills/pressure-scenarios/shravan-dev-workflow/orchestrator-implementation-goal/cases.ts:258	      { name: "honors-real-dependency", requirement: "Keeps PR B stopped until the main verifies PR A's terminology prerequisite instead of treating separate PRs as automatically parallel.", failureEx	stack-or-parallel	Keep the prerequisite check and also assert the dependent PR is stacked on its prerequisite or follows a contract PR.	test-update
tests/skills/pressure-scenarios/shravan-dev-workflow/orchestrator-implementation-goal/cases.ts:259	      { name: "proof-assessment-review-order", requirement: "Requires fitting proof, then main assessment of intent/design/plan, diff, actual proof, complexity, and integration, then different-lineage	review-unit	Keep Main assessment first; specify subsequent review as PR- or stack-layer-scoped.	test-update
tests/skills/pressure-scenarios/shravan-dev-workflow/orchestrator-implementation-goal/continue-ready-plan-without-approval.md:17	- Validates the plan, governing basis, and delivery context.	plans-in-impl-orchestrator	Add validation of the ready breakdown and selected PR node/base to admission.	rewrite
tests/skills/pressure-scenarios/shravan-dev-workflow/orchestrator-implementation-goal/continue-ready-plan-without-approval.md:18	- Commissions or resumes the planned implementation Sidekick and selects `implement-plan` inside that assignment without requesting generic approval of the plan.	plans-in-impl-orchestrator	Keep dispatch behavior but require the ready breakdown and PR-specific plan before the Sidekick starts.	rewrite
tests/skills/pressure-scenarios/shravan-dev-workflow/orchestrator-implementation-goal/multi-pr-main-assessment.md:13	Chat only; make the routing decision without dispatching or writing. I am the main. My accepted plan has PR A for a source-independent ownership-text cut and PR B for pressure scenarios that depend on	stack-or-parallel	PR B depends on A, so make the relation an explicit stack/contract edge and align dispatch with the per-stack execution unit.	rewrite
tests/skills/pressure-scenarios/shravan-dev-workflow/orchestrator-implementation-goal/multi-pr-main-assessment.md:18	- PR B waits for the verified PR A prerequisite.	stack-or-parallel	Retain the dependency, but name the stack/base or contract-PR relation required by B5.	rewrite
tests/skills/pressure-scenarios/shravan-dev-workflow/orchestrator-implementation-goal/multi-pr-main-assessment.md:19	- PR A fitting proof precedes main assessment; the main inspects intent/design/plan, diff, proof, complexity, and integration before independent review.	review-unit	Keep Main assessment first; specify review as the independent PR or each stack layer.	test-update
tests/skills/pressure-scenarios/shravan-dev-workflow/orchestrator-implementation-goal/route-proof-to-review.md:17	- Performs the main assessment against the current diff/proof, original need, design, plan, scope, ownership, complexity, and integration before selecting implementation-review. Source reads and a con	review-unit	Route after assessment to the independent PR reviewer or the stack reviewer for this layer, using that PR plan as its rail.	rewrite
tests/skills/pressure-scenarios/shravan-dev-workflow/orchestrator-design/authors-not-sol-executor.md:29	- Main authors settled sections, diagrams, and the implementation plan before commissioning Sol.	design-orchestrator-commissions	Orchestrator-design produces the breakdown and first plans, then hands them to implementation-goal without commissioning Sidekicks.	rewrite
tests/skills/pressure-scenarios/shravan-dev-workflow/orchestrator-design/ready-plan-keeps-main-default-contact.md:27	- Main loads `plan-implementation` and authors the plan before commissioning implementation.	design-orchestrator-commissions	Change to breakdown plus first per-PR plans, handed to implementation-goal without commissioning the implementer.	rewrite
tests/skills/pressure-scenarios/shravan-dev-workflow/orchestrator-design/cases.ts:164	      { name: "selects-in-session-main-authorship", requirement: "For this chat-only next-actions request, reads spec-design and plan-implementation and selects the user-facing orchestrator to author 	multi-pr-plan	The continuation should author the breakdown and first ready-frontier PR plans in Main’s session.	test-update
tests/skills/pressure-scenarios/shravan-dev-workflow/orchestrator-design/cases.ts:165	      { name: "executor-is-not-design-or-plan-author", requirement: "Treats 'Sol is the executor' as implementation, research, or review support. The main authors settled sections, diagrams, and the i	design-orchestrator-commissions	Replace commissioning with handoff to implementation-goal after the breakdown and first plans are ready.	test-update
tests/skills/pressure-scenarios/shravan-dev-workflow/practices-collaboration/multi-pr-thread-local-seats.md:13	Read-only rehearsal; do not create, join, post, or resolve anything. The caller supplies coordination root `coord-root`, execution roots `pr-a-root` and `pr-b-root`, and two exact persistent Sidekick 	keep	This explicitly tests independent PRs and remains compatible with separate branches/worktrees and parallel execution.	keep
tests/skills/pressure-scenarios/shravan-dev-workflow/implementation-review/complete-source-trace.md:13	Prepare the exact read-only review route for the current fixture Requirements, Specification, Program Design, ready review result, immutable ready plan path `tests/skills/fixtures/minimal-planning-del	review-unit	Identify the plan’s breakdown node or stack layer and parent so diff and rail match B8.	rewrite
tests/skills/pressure-scenarios/shravan-dev-workflow/implementation-review/complete-source-trace.md:17	- Preserves exact authority identities, governing planning basis, delivery context, plan identity, and implementation identities.	review-unit	Require preservation of the selected PR/layer identity and its plan as the review rail.	test-update
tests/skills/pressure-scenarios/shravan-dev-workflow/implementation-review/stops-when-not-converging.md:13	This is the fourth review of the same bounded goal. Every correction so far stayed inside the accepted boundary. Open accepted findings went 4, then 4, and this review accepts 4 again. Finding F3, whi	single-review-per-goal	Anchor repeated reviews and finding counts to one PR or one stack-layer relationship, not the whole goal.	rewrite
tests/skills/pressure-scenarios/shravan-dev-workflow/implementation-review/dispel-over-delivery.md:19	- The unrequested `security/harness/` subsystem is named as an over-delivery finding from a whole-diff sweep: delivered thing, absent anchor, smallest removal or owner decision, consequence of keeping	review-unit	Define the sweep as the selected PR diff or one stack layer against its parent and plan.	rewrite
tests/skills/pressure-scenarios/shravan-dev-workflow/implementation-review/cases.ts:330	        requirement: "Returns an over-delivery finding for the unrequested security-harness subsystem — delivered thing, absent anchor, smallest removal or owner decision-needed, consequence of keepin	test-assertion	Scope the over-delivery assertion to the selected PR or stack-layer diff and plan rail.	test-update
tests/skills/pressure-scenarios/shravan-dev-workflow/plan-handoff/successor-main-authority.md:13	Chat only; classify these two handoffs without writing artifacts. Packet A gives an implementation Sidekick the current plan and says "continue from here"; the Sidekick finds a missing plan decision. 	multi-pr-plan	Transfer the selected PR plan scope and breakdown node; PR topology belongs to the breakdown, not the plan.	rewrite
tests/skills/pressure-scenarios/shravan-dev-workflow/plan-handoff/cases.ts:76	        requirement: "Preserves the immutable handoff-plan.md ready record, originating planner plan-implementation, governing basis, plan-only delivery context, obligation/proof mapping, freshness gu	test-assertion	Require the associated breakdown node alongside the per-PR plan in the handoff.	test-update
tests/skills/pressure-scenarios/shravan-dev-workflow/plan-handoff/cases.ts:93	        requirement: "Preserves the immutable handoff-plan.md ready record, governing basis, plan-only delivery context, evidence sources, freshness guards, split triggers, open proof gaps, and parent	test-assertion	Require the associated breakdown node alongside the per-PR plan in this proof-matrix handoff.	test-update
tests/skills/pressure-scenarios/shravan-dev-workflow/plan-handoff/full-packet.md:42	- Agent preserves the exact canonical ready plan record, governing basis, and plan-only delivery context.	test-assertion	Preserve the plan’s PR node/base and its breakdown node in the handoff packet.	test-update
tests/skills/pressure-scenarios/shravan-dev-workflow/implementation-handoff/context-free-canonical-plan.md:19	Prepare a context-free reviewer handoff from `existing-plan.md` and `implementation-proof.md`. The reviewer has no chat history. Preserve the exact ready plan, governing planning basis, delivery conte	review-unit	Reviewer handoff needs the breakdown node/PR layer so the plan rail and diff are unambiguous.	rewrite
tests/skills/pressure-scenarios/shravan-dev-workflow/implementation-handoff/cases.ts:60	        requirement: "Requires the unchanged exact canonical ready plan record, governing planning basis, and delivery context in the handoff artifact and selected context-free reviewer prompt.",	test-assertion	Assert the context-free reviewer prompt includes selected PR/layer and its breakdown node.	test-update
